1	page1	https://iiif.onb.ac.at/images/ABO/Z221667307/00000001
2	page2	https://iiif.onb.ac.at/images/ABO/Z221667307/00000002
3	page3	https://iiif.onb.ac.at/images/ABO/Z221667307/00000003
4	page4	https://iiif.onb.ac.at/images/ABO/Z221667307/00000004
5	page5	https://iiif.onb.ac.at/images/ABO/Z221667307/00000005
6	page6	https://iiif.onb.ac.at/images/ABO/Z221667307/00000006
7	page7	https://iiif.onb.ac.at/images/ABO/Z221667307/00000007
8	page8	https://iiif.onb.ac.at/images/ABO/Z221667307/00000008
9	page9	https://iiif.onb.ac.at/images/ABO/Z221667307/00000009
10	page10	https://iiif.onb.ac.at/images/ABO/Z221667307/00000010
11	page11	https://iiif.onb.ac.at/images/ABO/Z221667307/00000011
12	page12	https://iiif.onb.ac.at/images/ABO/Z221667307/00000012
13	page13	https://iiif.onb.ac.at/images/ABO/Z221667307/00000013
14	page14	https://iiif.onb.ac.at/images/ABO/Z221667307/00000014
15	page15	https://iiif.onb.ac.at/images/ABO/Z221667307/00000015
16	page16	https://iiif.onb.ac.at/images/ABO/Z221667307/00000016
17	page17	https://iiif.onb.ac.at/images/ABO/Z221667307/00000017
18	page18	https://iiif.onb.ac.at/images/ABO/Z221667307/00000018
19	page19	https://iiif.onb.ac.at/images/ABO/Z221667307/00000019
20	page20	https://iiif.onb.ac.at/images/ABO/Z221667307/00000020
21	page21	https://iiif.onb.ac.at/images/ABO/Z221667307/00000021
22	page22	https://iiif.onb.ac.at/images/ABO/Z221667307/00000022
23	page23	https://iiif.onb.ac.at/images/ABO/Z221667307/00000023
24	page24	https://iiif.onb.ac.at/images/ABO/Z221667307/00000024
25	page25	https://iiif.onb.ac.at/images/ABO/Z221667307/00000025
26	page26	https://iiif.onb.ac.at/images/ABO/Z221667307/00000026
27	page27	https://iiif.onb.ac.at/images/ABO/Z221667307/00000027
28	page28	https://iiif.onb.ac.at/images/ABO/Z221667307/00000028
29	page29	https://iiif.onb.ac.at/images/ABO/Z221667307/00000029
30	page30	https://iiif.onb.ac.at/images/ABO/Z221667307/00000030
31	page31	https://iiif.onb.ac.at/images/ABO/Z221667307/00000031
32	page32	https://iiif.onb.ac.at/images/ABO/Z221667307/00000032
33	page33	https://iiif.onb.ac.at/images/ABO/Z221667307/00000033
34	page34	https://iiif.onb.ac.at/images/ABO/Z221667307/00000034
35	page35	https://iiif.onb.ac.at/images/ABO/Z221667307/00000035
36	page36	https://iiif.onb.ac.at/images/ABO/Z221667307/00000036
37	page37	https://iiif.onb.ac.at/images/ABO/Z221667307/00000037
38	page38	https://iiif.onb.ac.at/images/ABO/Z221667307/00000038
39	page39	https://iiif.onb.ac.at/images/ABO/Z221667307/00000039
40	page40	https://iiif.onb.ac.at/images/ABO/Z221667307/00000040
41	page41	https://iiif.onb.ac.at/images/ABO/Z221667307/00000041
42	page42	https://iiif.onb.ac.at/images/ABO/Z221667307/00000042
43	page43	https://iiif.onb.ac.at/images/ABO/Z221667307/00000043
44	page44	https://iiif.onb.ac.at/images/ABO/Z221667307/00000044
45	page45	https://iiif.onb.ac.at/images/ABO/Z221667307/00000045
46	page46	https://iiif.onb.ac.at/images/ABO/Z221667307/00000046
47	page47	https://iiif.onb.ac.at/images/ABO/Z221667307/00000047
48	page48	https://iiif.onb.ac.at/images/ABO/Z221667307/00000048
49	page49	https://iiif.onb.ac.at/images/ABO/Z221667307/00000049
50	page50	https://iiif.onb.ac.at/images/ABO/Z221667307/00000050
51	page51	https://iiif.onb.ac.at/images/ABO/Z221667307/00000051
52	page52	https://iiif.onb.ac.at/images/ABO/Z221667307/00000052
53	page53	https://iiif.onb.ac.at/images/ABO/Z221667307/00000053
54	page54	https://iiif.onb.ac.at/images/ABO/Z221667307/00000054
55	page55	https://iiif.onb.ac.at/images/ABO/Z221667307/00000055
56	page56	https://iiif.onb.ac.at/images/ABO/Z221667307/00000056
57	page57	https://iiif.onb.ac.at/images/ABO/Z221667307/00000057
58	page58	https://iiif.onb.ac.at/images/ABO/Z221667307/00000058
59	page59	https://iiif.onb.ac.at/images/ABO/Z221667307/00000059
60	page60	https://iiif.onb.ac.at/images/ABO/Z221667307/00000060
61	page61	https://iiif.onb.ac.at/images/ABO/Z221667307/00000061
62	page62	https://iiif.onb.ac.at/images/ABO/Z221667307/00000062
63	page63	https://iiif.onb.ac.at/images/ABO/Z221667307/00000063
64	page64	https://iiif.onb.ac.at/images/ABO/Z221667307/00000064
65	page65	https://iiif.onb.ac.at/images/ABO/Z221667307/00000065
66	page66	https://iiif.onb.ac.at/images/ABO/Z221667307/00000066
67	page67	https://iiif.onb.ac.at/images/ABO/Z221667307/00000067
68	page68	https://iiif.onb.ac.at/images/ABO/Z221667307/00000068
69	page69	https://iiif.onb.ac.at/images/ABO/Z221667307/00000069
70	page70	https://iiif.onb.ac.at/images/ABO/Z221667307/00000070
71	page71	https://iiif.onb.ac.at/images/ABO/Z221667307/00000071
72	page72	https://iiif.onb.ac.at/images/ABO/Z221667307/00000072
73	page73	https://iiif.onb.ac.at/images/ABO/Z221667307/00000073
74	page74	https://iiif.onb.ac.at/images/ABO/Z221667307/00000074
75	page75	https://iiif.onb.ac.at/images/ABO/Z221667307/00000075
76	page76	https://iiif.onb.ac.at/images/ABO/Z221667307/00000076
77	page77	https://iiif.onb.ac.at/images/ABO/Z221667307/00000077
78	page78	https://iiif.onb.ac.at/images/ABO/Z221667307/00000078
79	page79	https://iiif.onb.ac.at/images/ABO/Z221667307/00000079
80	page80	https://iiif.onb.ac.at/images/ABO/Z221667307/00000080
81	page81	https://iiif.onb.ac.at/images/ABO/Z221667307/00000081
82	page82	https://iiif.onb.ac.at/images/ABO/Z221667307/00000082
83	page83	https://iiif.onb.ac.at/images/ABO/Z221667307/00000083
84	page84	https://iiif.onb.ac.at/images/ABO/Z221667307/00000084
85	page85	https://iiif.onb.ac.at/images/ABO/Z221667307/00000085
86	page86	https://iiif.onb.ac.at/images/ABO/Z221667307/00000086
87	page87	https://iiif.onb.ac.at/images/ABO/Z221667307/00000087
88	page88	https://iiif.onb.ac.at/images/ABO/Z221667307/00000088
89	page89	https://iiif.onb.ac.at/images/ABO/Z221667307/00000089
90	page90	https://iiif.onb.ac.at/images/ABO/Z221667307/00000090
91	page91	https://iiif.onb.ac.at/images/ABO/Z221667307/00000091
92	page92	https://iiif.onb.ac.at/images/ABO/Z221667307/00000092
93	page93	https://iiif.onb.ac.at/images/ABO/Z221667307/00000093
94	page94	https://iiif.onb.ac.at/images/ABO/Z221667307/00000094
95	page95	https://iiif.onb.ac.at/images/ABO/Z221667307/00000095
96	page96	https://iiif.onb.ac.at/images/ABO/Z221667307/00000096
97	page97	https://iiif.onb.ac.at/images/ABO/Z221667307/00000097
98	page98	https://iiif.onb.ac.at/images/ABO/Z221667307/00000098
99	page99	https://iiif.onb.ac.at/images/ABO/Z221667307/00000099
100	page100	https://iiif.onb.ac.at/images/ABO/Z221667307/00000100
101	page101	https://iiif.onb.ac.at/images/ABO/Z221667307/00000101
102	page102	https://iiif.onb.ac.at/images/ABO/Z221667307/00000102
103	page103	https://iiif.onb.ac.at/images/ABO/Z221667307/00000103
104	page104	https://iiif.onb.ac.at/images/ABO/Z221667307/00000104
105	page105	https://iiif.onb.ac.at/images/ABO/Z221667307/00000105
106	page106	https://iiif.onb.ac.at/images/ABO/Z221667307/00000106
107	page107	https://iiif.onb.ac.at/images/ABO/Z221667307/00000107
108	page108	https://iiif.onb.ac.at/images/ABO/Z221667307/00000108
109	page109	https://iiif.onb.ac.at/images/ABO/Z221667307/00000109
110	page110	https://iiif.onb.ac.at/images/ABO/Z221667307/00000110
111	page111	https://iiif.onb.ac.at/images/ABO/Z221667307/00000111
112	page112	https://iiif.onb.ac.at/images/ABO/Z221667307/00000112
113	page113	https://iiif.onb.ac.at/images/ABO/Z221667307/00000113
114	page114	https://iiif.onb.ac.at/images/ABO/Z221667307/00000114
115	page115	https://iiif.onb.ac.at/images/ABO/Z221667307/00000115
116	page116	https://iiif.onb.ac.at/images/ABO/Z221667307/00000116
117	page117	https://iiif.onb.ac.at/images/ABO/Z221667307/00000117
118	page118	https://iiif.onb.ac.at/images/ABO/Z221667307/00000118
119	page119	https://iiif.onb.ac.at/images/ABO/Z221667307/00000119
120	page120	https://iiif.onb.ac.at/images/ABO/Z221667307/00000120
121	page121	https://iiif.onb.ac.at/images/ABO/Z221667307/00000121
122	page122	https://iiif.onb.ac.at/images/ABO/Z221667307/00000122
123	page123	https://iiif.onb.ac.at/images/ABO/Z221667307/00000123
124	page124	https://iiif.onb.ac.at/images/ABO/Z221667307/00000124
125	page125	https://iiif.onb.ac.at/images/ABO/Z221667307/00000125
126	page126	https://iiif.onb.ac.at/images/ABO/Z221667307/00000126
127	page127	https://iiif.onb.ac.at/images/ABO/Z221667307/00000127
128	page128	https://iiif.onb.ac.at/images/ABO/Z221667307/00000128
129	page129	https://iiif.onb.ac.at/images/ABO/Z221667307/00000129
130	page130	https://iiif.onb.ac.at/images/ABO/Z221667307/00000130
131	page131	https://iiif.onb.ac.at/images/ABO/Z221667307/00000131
132	page132	https://iiif.onb.ac.at/images/ABO/Z221667307/00000132
133	page133	https://iiif.onb.ac.at/images/ABO/Z221667307/00000133
134	page134	https://iiif.onb.ac.at/images/ABO/Z221667307/00000134
135	page135	https://iiif.onb.ac.at/images/ABO/Z221667307/00000135
136	page136	https://iiif.onb.ac.at/images/ABO/Z221667307/00000136
137	page137	https://iiif.onb.ac.at/images/ABO/Z221667307/00000137
138	page138	https://iiif.onb.ac.at/images/ABO/Z221667307/00000138
139	page139	https://iiif.onb.ac.at/images/ABO/Z221667307/00000139
140	page140	https://iiif.onb.ac.at/images/ABO/Z221667307/00000140
141	page141	https://iiif.onb.ac.at/images/ABO/Z221667307/00000141
142	page142	https://iiif.onb.ac.at/images/ABO/Z221667307/00000142
143	page143	https://iiif.onb.ac.at/images/ABO/Z221667307/00000143
144	page144	https://iiif.onb.ac.at/images/ABO/Z221667307/00000144
145	page145	https://iiif.onb.ac.at/images/ABO/Z221667307/00000145
146	page146	https://iiif.onb.ac.at/images/ABO/Z221667307/00000146
147	page147	https://iiif.onb.ac.at/images/ABO/Z221667307/00000147
148	page148	https://iiif.onb.ac.at/images/ABO/Z221667307/00000148
149	page149	https://iiif.onb.ac.at/images/ABO/Z221667307/00000149
150	page150	https://iiif.onb.ac.at/images/ABO/Z221667307/00000150
151	page151	https://iiif.onb.ac.at/images/ABO/Z221667307/00000151
152	page152	https://iiif.onb.ac.at/images/ABO/Z221667307/00000152
153	page153	https://iiif.onb.ac.at/images/ABO/Z221667307/00000153
154	page154	https://iiif.onb.ac.at/images/ABO/Z221667307/00000154
155	page155	https://iiif.onb.ac.at/images/ABO/Z221667307/00000155
156	page156	https://iiif.onb.ac.at/images/ABO/Z221667307/00000156
157	page157	https://iiif.onb.ac.at/images/ABO/Z221667307/00000157
158	page158	https://iiif.onb.ac.at/images/ABO/Z221667307/00000158
159	page159	https://iiif.onb.ac.at/images/ABO/Z221667307/00000159
160	page160	https://iiif.onb.ac.at/images/ABO/Z221667307/00000160
161	page161	https://iiif.onb.ac.at/images/ABO/Z221667307/00000161
162	page162	https://iiif.onb.ac.at/images/ABO/Z221667307/00000162
163	page163	https://iiif.onb.ac.at/images/ABO/Z221667307/00000163
164	page164	https://iiif.onb.ac.at/images/ABO/Z221667307/00000164
165	page165	https://iiif.onb.ac.at/images/ABO/Z221667307/00000165
166	page166	https://iiif.onb.ac.at/images/ABO/Z221667307/00000166
167	page167	https://iiif.onb.ac.at/images/ABO/Z221667307/00000167
168	page168	https://iiif.onb.ac.at/images/ABO/Z221667307/00000168
169	page169	https://iiif.onb.ac.at/images/ABO/Z221667307/00000169
170	page170	https://iiif.onb.ac.at/images/ABO/Z221667307/00000170
171	page171	https://iiif.onb.ac.at/images/ABO/Z221667307/00000171
172	page172	https://iiif.onb.ac.at/images/ABO/Z221667307/00000172
173	page173	https://iiif.onb.ac.at/images/ABO/Z221667307/00000173
174	page174	https://iiif.onb.ac.at/images/ABO/Z221667307/00000174
175	page175	https://iiif.onb.ac.at/images/ABO/Z221667307/00000175
176	page176	https://iiif.onb.ac.at/images/ABO/Z221667307/00000176
177	page177	https://iiif.onb.ac.at/images/ABO/Z221667307/00000177
178	page178	https://iiif.onb.ac.at/images/ABO/Z221667307/00000178
179	page179	https://iiif.onb.ac.at/images/ABO/Z221667307/00000179
180	page180	https://iiif.onb.ac.at/images/ABO/Z221667307/00000180
181	page181	https://iiif.onb.ac.at/images/ABO/Z221667307/00000181
182	page182	https://iiif.onb.ac.at/images/ABO/Z221667307/00000182
183	page183	https://iiif.onb.ac.at/images/ABO/Z221667307/00000183
184	page184	https://iiif.onb.ac.at/images/ABO/Z221667307/00000184
185	page185	https://iiif.onb.ac.at/images/ABO/Z221667307/00000185
186	page186	https://iiif.onb.ac.at/images/ABO/Z221667307/00000186
187	page187	https://iiif.onb.ac.at/images/ABO/Z221667307/00000187
188	page188	https://iiif.onb.ac.at/images/ABO/Z221667307/00000188
189	page189	https://iiif.onb.ac.at/images/ABO/Z221667307/00000189
190	page190	https://iiif.onb.ac.at/images/ABO/Z221667307/00000190
191	page191	https://iiif.onb.ac.at/images/ABO/Z221667307/00000191
192	page192	https://iiif.onb.ac.at/images/ABO/Z221667307/00000192
193	page193	https://iiif.onb.ac.at/images/ABO/Z221667307/00000193
194	page194	https://iiif.onb.ac.at/images/ABO/Z221667307/00000194
195	page195	https://iiif.onb.ac.at/images/ABO/Z221667307/00000195
196	page196	https://iiif.onb.ac.at/images/ABO/Z221667307/00000196
197	page197	https://iiif.onb.ac.at/images/ABO/Z221667307/00000197
198	page198	https://iiif.onb.ac.at/images/ABO/Z221667307/00000198
199	page199	https://iiif.onb.ac.at/images/ABO/Z221667307/00000199
200	page200	https://iiif.onb.ac.at/images/ABO/Z221667307/00000200
201	page201	https://iiif.onb.ac.at/images/ABO/Z221667307/00000201
202	page202	https://iiif.onb.ac.at/images/ABO/Z221667307/00000202
203	page203	https://iiif.onb.ac.at/images/ABO/Z221667307/00000203
204	page204	https://iiif.onb.ac.at/images/ABO/Z221667307/00000204
205	page205	https://iiif.onb.ac.at/images/ABO/Z221667307/00000205
206	page206	https://iiif.onb.ac.at/images/ABO/Z221667307/00000206
207	page207	https://iiif.onb.ac.at/images/ABO/Z221667307/00000207
208	page208	https://iiif.onb.ac.at/images/ABO/Z221667307/00000208
209	page209	https://iiif.onb.ac.at/images/ABO/Z221667307/00000209
210	page210	https://iiif.onb.ac.at/images/ABO/Z221667307/00000210
211	page211	https://iiif.onb.ac.at/images/ABO/Z221667307/00000211
212	page212	https://iiif.onb.ac.at/images/ABO/Z221667307/00000212
213	page213	https://iiif.onb.ac.at/images/ABO/Z221667307/00000213
214	page214	https://iiif.onb.ac.at/images/ABO/Z221667307/00000214
215	page215	https://iiif.onb.ac.at/images/ABO/Z221667307/00000215
216	page216	https://iiif.onb.ac.at/images/ABO/Z221667307/00000216
217	page217	https://iiif.onb.ac.at/images/ABO/Z221667307/00000217
218	page218	https://iiif.onb.ac.at/images/ABO/Z221667307/00000218
219	page219	https://iiif.onb.ac.at/images/ABO/Z221667307/00000219
220	page220	https://iiif.onb.ac.at/images/ABO/Z221667307/00000220
221	page221	https://iiif.onb.ac.at/images/ABO/Z221667307/00000221
222	page222	https://iiif.onb.ac.at/images/ABO/Z221667307/00000222
223	page223	https://iiif.onb.ac.at/images/ABO/Z221667307/00000223
224	page224	https://iiif.onb.ac.at/images/ABO/Z221667307/00000224
225	page225	https://iiif.onb.ac.at/images/ABO/Z221667307/00000225
226	page226	https://iiif.onb.ac.at/images/ABO/Z221667307/00000226
227	page227	https://iiif.onb.ac.at/images/ABO/Z221667307/00000227
228	page228	https://iiif.onb.ac.at/images/ABO/Z221667307/00000228
229	page229	https://iiif.onb.ac.at/images/ABO/Z221667307/00000229
230	page230	https://iiif.onb.ac.at/images/ABO/Z221667307/00000230
231	page231	https://iiif.onb.ac.at/images/ABO/Z221667307/00000231
232	page232	https://iiif.onb.ac.at/images/ABO/Z221667307/00000232
233	page233	https://iiif.onb.ac.at/images/ABO/Z221667307/00000233
234	page234	https://iiif.onb.ac.at/images/ABO/Z221667307/00000234
235	page235	https://iiif.onb.ac.at/images/ABO/Z221667307/00000235
236	page236	https://iiif.onb.ac.at/images/ABO/Z221667307/00000236
237	page237	https://iiif.onb.ac.at/images/ABO/Z221667307/00000237
238	page238	https://iiif.onb.ac.at/images/ABO/Z221667307/00000238
239	page239	https://iiif.onb.ac.at/images/ABO/Z221667307/00000239
240	page240	https://iiif.onb.ac.at/images/ABO/Z221667307/00000240
241	page241	https://iiif.onb.ac.at/images/ABO/Z221667307/00000241
242	page242	https://iiif.onb.ac.at/images/ABO/Z221667307/00000242
243	page243	https://iiif.onb.ac.at/images/ABO/Z221667307/00000243
244	page244	https://iiif.onb.ac.at/images/ABO/Z221667307/00000244
245	page245	https://iiif.onb.ac.at/images/ABO/Z221667307/00000245
246	page246	https://iiif.onb.ac.at/images/ABO/Z221667307/00000246
247	page247	https://iiif.onb.ac.at/images/ABO/Z221667307/00000247
248	page248	https://iiif.onb.ac.at/images/ABO/Z221667307/00000248
249	page249	https://iiif.onb.ac.at/images/ABO/Z221667307/00000249
250	page250	https://iiif.onb.ac.at/images/ABO/Z221667307/00000250
251	page251	https://iiif.onb.ac.at/images/ABO/Z221667307/00000251
252	page252	https://iiif.onb.ac.at/images/ABO/Z221667307/00000252
253	page253	https://iiif.onb.ac.at/images/ABO/Z221667307/00000253
254	page254	https://iiif.onb.ac.at/images/ABO/Z221667307/00000254
255	page255	https://iiif.onb.ac.at/images/ABO/Z221667307/00000255
256	page256	https://iiif.onb.ac.at/images/ABO/Z221667307/00000256
257	page257	https://iiif.onb.ac.at/images/ABO/Z221667307/00000257
258	page258	https://iiif.onb.ac.at/images/ABO/Z221667307/00000258
259	page259	https://iiif.onb.ac.at/images/ABO/Z221667307/00000259
260	page260	https://iiif.onb.ac.at/images/ABO/Z221667307/00000260
261	page261	https://iiif.onb.ac.at/images/ABO/Z221667307/00000261
262	page262	https://iiif.onb.ac.at/images/ABO/Z221667307/00000262
263	page263	https://iiif.onb.ac.at/images/ABO/Z221667307/00000263
264	page264	https://iiif.onb.ac.at/images/ABO/Z221667307/00000264
265	page265	https://iiif.onb.ac.at/images/ABO/Z221667307/00000265
266	page266	https://iiif.onb.ac.at/images/ABO/Z221667307/00000266
267	page267	https://iiif.onb.ac.at/images/ABO/Z221667307/00000267
268	page268	https://iiif.onb.ac.at/images/ABO/Z221667307/00000268
269	page269	https://iiif.onb.ac.at/images/ABO/Z221667307/00000269
270	page270	https://iiif.onb.ac.at/images/ABO/Z221667307/00000270
271	page271	https://iiif.onb.ac.at/images/ABO/Z221667307/00000271
272	page272	https://iiif.onb.ac.at/images/ABO/Z221667307/00000272
273	page273	https://iiif.onb.ac.at/images/ABO/Z221667307/00000273
274	page274	https://iiif.onb.ac.at/images/ABO/Z221667307/00000274
275	page275	https://iiif.onb.ac.at/images/ABO/Z221667307/00000275
276	page276	https://iiif.onb.ac.at/images/ABO/Z221667307/00000276
277	page277	https://iiif.onb.ac.at/images/ABO/Z221667307/00000277
278	page278	https://iiif.onb.ac.at/images/ABO/Z221667307/00000278
279	page279	https://iiif.onb.ac.at/images/ABO/Z221667307/00000279
280	page280	https://iiif.onb.ac.at/images/ABO/Z221667307/00000280
281	page281	https://iiif.onb.ac.at/images/ABO/Z221667307/00000281
282	page282	https://iiif.onb.ac.at/images/ABO/Z221667307/00000282
283	page283	https://iiif.onb.ac.at/images/ABO/Z221667307/00000283
284	page284	https://iiif.onb.ac.at/images/ABO/Z221667307/00000284
285	page285	https://iiif.onb.ac.at/images/ABO/Z221667307/00000285
286	page286	https://iiif.onb.ac.at/images/ABO/Z221667307/00000286
287	page287	https://iiif.onb.ac.at/images/ABO/Z221667307/00000287
288	page288	https://iiif.onb.ac.at/images/ABO/Z221667307/00000288
289	page289	https://iiif.onb.ac.at/images/ABO/Z221667307/00000289
290	page290	https://iiif.onb.ac.at/images/ABO/Z221667307/00000290
291	page291	https://iiif.onb.ac.at/images/ABO/Z221667307/00000291
292	page292	https://iiif.onb.ac.at/images/ABO/Z221667307/00000292
293	page293	https://iiif.onb.ac.at/images/ABO/Z221667307/00000293
294	page294	https://iiif.onb.ac.at/images/ABO/Z221667307/00000294
295	page295	https://iiif.onb.ac.at/images/ABO/Z221667307/00000295
296	page296	https://iiif.onb.ac.at/images/ABO/Z221667307/00000296
297	page297	https://iiif.onb.ac.at/images/ABO/Z221667307/00000297
298	page298	https://iiif.onb.ac.at/images/ABO/Z221667307/00000298
299	page299	https://iiif.onb.ac.at/images/ABO/Z221667307/00000299
300	page300	https://iiif.onb.ac.at/images/ABO/Z221667307/00000300
301	page301	https://iiif.onb.ac.at/images/ABO/Z221667307/00000301
302	page302	https://iiif.onb.ac.at/images/ABO/Z221667307/00000302
303	page303	https://iiif.onb.ac.at/images/ABO/Z221667307/00000303
304	page304	https://iiif.onb.ac.at/images/ABO/Z221667307/00000304
305	page305	https://iiif.onb.ac.at/images/ABO/Z221667307/00000305
306	page306	https://iiif.onb.ac.at/images/ABO/Z221667307/00000306
307	page307	https://iiif.onb.ac.at/images/ABO/Z221667307/00000307
308	page308	https://iiif.onb.ac.at/images/ABO/Z221667307/00000308
309	page309	https://iiif.onb.ac.at/images/ABO/Z221667307/00000309
310	page310	https://iiif.onb.ac.at/images/ABO/Z221667307/00000310
311	page311	https://iiif.onb.ac.at/images/ABO/Z221667307/00000311
312	page312	https://iiif.onb.ac.at/images/ABO/Z221667307/00000312
313	page313	https://iiif.onb.ac.at/images/ABO/Z221667307/00000313
314	page314	https://iiif.onb.ac.at/images/ABO/Z221667307/00000314
315	page315	https://iiif.onb.ac.at/images/ABO/Z221667307/00000315
316	page316	https://iiif.onb.ac.at/images/ABO/Z221667307/00000316
317	page317	https://iiif.onb.ac.at/images/ABO/Z221667307/00000317
318	page318	https://iiif.onb.ac.at/images/ABO/Z221667307/00000318
319	page319	https://iiif.onb.ac.at/images/ABO/Z221667307/00000319
320	page320	https://iiif.onb.ac.at/images/ABO/Z221667307/00000320
321	page321	https://iiif.onb.ac.at/images/ABO/Z221667307/00000321
322	page322	https://iiif.onb.ac.at/images/ABO/Z221667307/00000322
323	page323	https://iiif.onb.ac.at/images/ABO/Z221667307/00000323
324	page324	https://iiif.onb.ac.at/images/ABO/Z221667307/00000324
325	page325	https://iiif.onb.ac.at/images/ABO/Z221667307/00000325
326	page326	https://iiif.onb.ac.at/images/ABO/Z221667307/00000326
327	page327	https://iiif.onb.ac.at/images/ABO/Z221667307/00000327
328	page328	https://iiif.onb.ac.at/images/ABO/Z221667307/00000328
329	page329	https://iiif.onb.ac.at/images/ABO/Z221667307/00000329
330	page330	https://iiif.onb.ac.at/images/ABO/Z221667307/00000330
331	page331	https://iiif.onb.ac.at/images/ABO/Z221667307/00000331
332	page332	https://iiif.onb.ac.at/images/ABO/Z221667307/00000332
333	page333	https://iiif.onb.ac.at/images/ABO/Z221667307/00000333
334	page334	https://iiif.onb.ac.at/images/ABO/Z221667307/00000334
335	page335	https://iiif.onb.ac.at/images/ABO/Z221667307/00000335
336	page336	https://iiif.onb.ac.at/images/ABO/Z221667307/00000336
337	page337	https://iiif.onb.ac.at/images/ABO/Z221667307/00000337
338	page338	https://iiif.onb.ac.at/images/ABO/Z221667307/00000338
339	page339	https://iiif.onb.ac.at/images/ABO/Z221667307/00000339
340	page340	https://iiif.onb.ac.at/images/ABO/Z221667307/00000340
341	page341	https://iiif.onb.ac.at/images/ABO/Z221667307/00000341
342	page342	https://iiif.onb.ac.at/images/ABO/Z221667307/00000342
343	page343	https://iiif.onb.ac.at/images/ABO/Z221667307/00000343
344	page344	https://iiif.onb.ac.at/images/ABO/Z221667307/00000344
345	page345	https://iiif.onb.ac.at/images/ABO/Z221667307/00000345
346	page346	https://iiif.onb.ac.at/images/ABO/Z221667307/00000346
347	page347	https://iiif.onb.ac.at/images/ABO/Z221667307/00000347
348	page348	https://iiif.onb.ac.at/images/ABO/Z221667307/00000348
349	page349	https://iiif.onb.ac.at/images/ABO/Z221667307/00000349
350	page350	https://iiif.onb.ac.at/images/ABO/Z221667307/00000350
351	page351	https://iiif.onb.ac.at/images/ABO/Z221667307/00000351
352	page352	https://iiif.onb.ac.at/images/ABO/Z221667307/00000352
353	page353	https://iiif.onb.ac.at/images/ABO/Z221667307/00000353
354	page354	https://iiif.onb.ac.at/images/ABO/Z221667307/00000354
355	page355	https://iiif.onb.ac.at/images/ABO/Z221667307/00000355
356	page356	https://iiif.onb.ac.at/images/ABO/Z221667307/00000356
357	page357	https://iiif.onb.ac.at/images/ABO/Z221667307/00000357
358	page358	https://iiif.onb.ac.at/images/ABO/Z221667307/00000358
359	page359	https://iiif.onb.ac.at/images/ABO/Z221667307/00000359
360	page360	https://iiif.onb.ac.at/images/ABO/Z221667307/00000360
361	page361	https://iiif.onb.ac.at/images/ABO/Z221667307/00000361
362	page362	https://iiif.onb.ac.at/images/ABO/Z221667307/00000362
363	page363	https://iiif.onb.ac.at/images/ABO/Z221667307/00000363
364	page364	https://iiif.onb.ac.at/images/ABO/Z221667307/00000364
365	page365	https://iiif.onb.ac.at/images/ABO/Z221667307/00000365
366	page366	https://iiif.onb.ac.at/images/ABO/Z221667307/00000366
367	page367	https://iiif.onb.ac.at/images/ABO/Z221667307/00000367
368	page368	https://iiif.onb.ac.at/images/ABO/Z221667307/00000368
369	page369	https://iiif.onb.ac.at/images/ABO/Z221667307/00000369
370	page370	https://iiif.onb.ac.at/images/ABO/Z221667307/00000370
371	page371	https://iiif.onb.ac.at/images/ABO/Z221667307/00000371
372	page372	https://iiif.onb.ac.at/images/ABO/Z221667307/00000372
373	page373	https://iiif.onb.ac.at/images/ABO/Z221667307/00000373
374	page374	https://iiif.onb.ac.at/images/ABO/Z221667307/00000374
375	page375	https://iiif.onb.ac.at/images/ABO/Z221667307/00000375
376	page376	https://iiif.onb.ac.at/images/ABO/Z221667307/00000376
377	page377	https://iiif.onb.ac.at/images/ABO/Z221667307/00000377
378	page378	https://iiif.onb.ac.at/images/ABO/Z221667307/00000378
379	page379	https://iiif.onb.ac.at/images/ABO/Z221667307/00000379
380	page380	https://iiif.onb.ac.at/images/ABO/Z221667307/00000380
381	page381	https://iiif.onb.ac.at/images/ABO/Z221667307/00000381
382	page382	https://iiif.onb.ac.at/images/ABO/Z221667307/00000382
383	page383	https://iiif.onb.ac.at/images/ABO/Z221667307/00000383
384	page384	https://iiif.onb.ac.at/images/ABO/Z221667307/00000384
385	page385	https://iiif.onb.ac.at/images/ABO/Z221667307/00000385
386	page386	https://iiif.onb.ac.at/images/ABO/Z221667307/00000386
387	page387	https://iiif.onb.ac.at/images/ABO/Z221667307/00000387
388	page388	https://iiif.onb.ac.at/images/ABO/Z221667307/00000388
389	page389	https://iiif.onb.ac.at/images/ABO/Z221667307/00000389
390	page390	https://iiif.onb.ac.at/images/ABO/Z221667307/00000390
391	page391	https://iiif.onb.ac.at/images/ABO/Z221667307/00000391
392	page392	https://iiif.onb.ac.at/images/ABO/Z221667307/00000392
393	page393	https://iiif.onb.ac.at/images/ABO/Z221667307/00000393
394	page394	https://iiif.onb.ac.at/images/ABO/Z221667307/00000394
395	page395	https://iiif.onb.ac.at/images/ABO/Z221667307/00000395
396	page396	https://iiif.onb.ac.at/images/ABO/Z221667307/00000396
397	page397	https://iiif.onb.ac.at/images/ABO/Z221667307/00000397
398	page398	https://iiif.onb.ac.at/images/ABO/Z221667307/00000398
399	page399	https://iiif.onb.ac.at/images/ABO/Z221667307/00000399
400	page400	https://iiif.onb.ac.at/images/ABO/Z221667307/00000400
401	page401	https://iiif.onb.ac.at/images/ABO/Z221667307/00000401
402	page402	https://iiif.onb.ac.at/images/ABO/Z221667307/00000402
403	page403	https://iiif.onb.ac.at/images/ABO/Z221667307/00000403
404	page404	https://iiif.onb.ac.at/images/ABO/Z221667307/00000404
405	page405	https://iiif.onb.ac.at/images/ABO/Z221667307/00000405
406	page406	https://iiif.onb.ac.at/images/ABO/Z221667307/00000406
407	page407	https://iiif.onb.ac.at/images/ABO/Z221667307/00000407
408	page408	https://iiif.onb.ac.at/images/ABO/Z221667307/00000408
409	page409	https://iiif.onb.ac.at/images/ABO/Z221667307/00000409
410	page410	https://iiif.onb.ac.at/images/ABO/Z221667307/00000410
411	page411	https://iiif.onb.ac.at/images/ABO/Z221667307/00000411
412	page412	https://iiif.onb.ac.at/images/ABO/Z221667307/00000412
413	page413	https://iiif.onb.ac.at/images/ABO/Z221667307/00000413
414	page414	https://iiif.onb.ac.at/images/ABO/Z221667307/00000414
415	page415	https://iiif.onb.ac.at/images/ABO/Z221667307/00000415
416	page416	https://iiif.onb.ac.at/images/ABO/Z221667307/00000416
417	page417	https://iiif.onb.ac.at/images/ABO/Z221667307/00000417
418	page418	https://iiif.onb.ac.at/images/ABO/Z221667307/00000418
419	page419	https://iiif.onb.ac.at/images/ABO/Z221667307/00000419
420	page420	https://iiif.onb.ac.at/images/ABO/Z221667307/00000420
421	page421	https://iiif.onb.ac.at/images/ABO/Z221667307/00000421
422	page422	https://iiif.onb.ac.at/images/ABO/Z221667307/00000422
423	page423	https://iiif.onb.ac.at/images/ABO/Z221667307/00000423
424	page424	https://iiif.onb.ac.at/images/ABO/Z221667307/00000424
425	page425	https://iiif.onb.ac.at/images/ABO/Z221667307/00000425
426	page426	https://iiif.onb.ac.at/images/ABO/Z221667307/00000426
427	page427	https://iiif.onb.ac.at/images/ABO/Z221667307/00000427
428	page428	https://iiif.onb.ac.at/images/ABO/Z221667307/00000428
429	page429	https://iiif.onb.ac.at/images/ABO/Z221667307/00000429
430	page430	https://iiif.onb.ac.at/images/ABO/Z221667307/00000430
431	page431	https://iiif.onb.ac.at/images/ABO/Z221667307/00000431
432	page432	https://iiif.onb.ac.at/images/ABO/Z221667307/00000432
433	page433	https://iiif.onb.ac.at/images/ABO/Z221667307/00000433
434	page434	https://iiif.onb.ac.at/images/ABO/Z221667307/00000434
435	page435	https://iiif.onb.ac.at/images/ABO/Z221667307/00000435
436	page436	https://iiif.onb.ac.at/images/ABO/Z221667307/00000436
437	page437	https://iiif.onb.ac.at/images/ABO/Z221667307/00000437
438	page438	https://iiif.onb.ac.at/images/ABO/Z221667307/00000438
439	page439	https://iiif.onb.ac.at/images/ABO/Z221667307/00000439
440	page440	https://iiif.onb.ac.at/images/ABO/Z221667307/00000440
441	page441	https://iiif.onb.ac.at/images/ABO/Z221667307/00000441
442	page442	https://iiif.onb.ac.at/images/ABO/Z221667307/00000442
443	page443	https://iiif.onb.ac.at/images/ABO/Z221667307/00000443
444	page444	https://iiif.onb.ac.at/images/ABO/Z221667307/00000444
445	page445	https://iiif.onb.ac.at/images/ABO/Z221667307/00000445
446	page446	https://iiif.onb.ac.at/images/ABO/Z221667307/00000446
447	page447	https://iiif.onb.ac.at/images/ABO/Z221667307/00000447
448	page448	https://iiif.onb.ac.at/images/ABO/Z221667307/00000448
449	page449	https://iiif.onb.ac.at/images/ABO/Z221667307/00000449
450	page450	https://iiif.onb.ac.at/images/ABO/Z221667307/00000450
451	page451	https://iiif.onb.ac.at/images/ABO/Z221667307/00000451
452	page452	https://iiif.onb.ac.at/images/ABO/Z221667307/00000452
453	page453	https://iiif.onb.ac.at/images/ABO/Z221667307/00000453
454	page454	https://iiif.onb.ac.at/images/ABO/Z221667307/00000454
455	page455	https://iiif.onb.ac.at/images/ABO/Z221667307/00000455
456	page456	https://iiif.onb.ac.at/images/ABO/Z221667307/00000456
457	page457	https://iiif.onb.ac.at/images/ABO/Z221667307/00000457
458	page458	https://iiif.onb.ac.at/images/ABO/Z221667307/00000458
459	page459	https://iiif.onb.ac.at/images/ABO/Z221667307/00000459
460	page460	https://iiif.onb.ac.at/images/ABO/Z221667307/00000460
461	page461	https://iiif.onb.ac.at/images/ABO/Z221667307/00000461
462	page462	https://iiif.onb.ac.at/images/ABO/Z221667307/00000462
463	page463	https://iiif.onb.ac.at/images/ABO/Z221667307/00000463
464	page464	https://iiif.onb.ac.at/images/ABO/Z221667307/00000464
465	page465	https://iiif.onb.ac.at/images/ABO/Z221667307/00000465
466	page466	https://iiif.onb.ac.at/images/ABO/Z221667307/00000466
467	page467	https://iiif.onb.ac.at/images/ABO/Z221667307/00000467
468	page468	https://iiif.onb.ac.at/images/ABO/Z221667307/00000468
469	page469	https://iiif.onb.ac.at/images/ABO/Z221667307/00000469
470	page470	https://iiif.onb.ac.at/images/ABO/Z221667307/00000470
471	page471	https://iiif.onb.ac.at/images/ABO/Z221667307/00000471
472	page472	https://iiif.onb.ac.at/images/ABO/Z221667307/00000472
473	page473	https://iiif.onb.ac.at/images/ABO/Z221667307/00000473
474	page474	https://iiif.onb.ac.at/images/ABO/Z221667307/00000474
475	page475	https://iiif.onb.ac.at/images/ABO/Z221667307/00000475
476	page476	https://iiif.onb.ac.at/images/ABO/Z221667307/00000476
477	page477	https://iiif.onb.ac.at/images/ABO/Z221667307/00000477
478	page478	https://iiif.onb.ac.at/images/ABO/Z221667307/00000478
479	page479	https://iiif.onb.ac.at/images/ABO/Z221667307/00000479
480	page480	https://iiif.onb.ac.at/images/ABO/Z221667307/00000480
481	page481	https://iiif.onb.ac.at/images/ABO/Z221667307/00000481
482	page482	https://iiif.onb.ac.at/images/ABO/Z221667307/00000482
483	page483	https://iiif.onb.ac.at/images/ABO/Z221667307/00000483
484	page484	https://iiif.onb.ac.at/images/ABO/Z221667307/00000484
485	page485	https://iiif.onb.ac.at/images/ABO/Z221667307/00000485
486	page486	https://iiif.onb.ac.at/images/ABO/Z221667307/00000486
487	page487	https://iiif.onb.ac.at/images/ABO/Z221667307/00000487
488	page488	https://iiif.onb.ac.at/images/ABO/Z221667307/00000488
489	page489	https://iiif.onb.ac.at/images/ABO/Z221667307/00000489
490	page490	https://iiif.onb.ac.at/images/ABO/Z221667307/00000490
491	page491	https://iiif.onb.ac.at/images/ABO/Z221667307/00000491
492	page492	https://iiif.onb.ac.at/images/ABO/Z221667307/00000492
493	page493	https://iiif.onb.ac.at/images/ABO/Z221667307/00000493
494	page494	https://iiif.onb.ac.at/images/ABO/Z221667307/00000494
495	page495	https://iiif.onb.ac.at/images/ABO/Z221667307/00000495
496	page496	https://iiif.onb.ac.at/images/ABO/Z221667307/00000496
497	page497	https://iiif.onb.ac.at/images/ABO/Z221667307/00000497
498	page498	https://iiif.onb.ac.at/images/ABO/Z221667307/00000498
499	page499	https://iiif.onb.ac.at/images/ABO/Z221667307/00000499
500	page500	https://iiif.onb.ac.at/images/ABO/Z221667307/00000500
501	page501	https://iiif.onb.ac.at/images/ABO/Z221667307/00000501
502	page502	https://iiif.onb.ac.at/images/ABO/Z221667307/00000502
503	page503	https://iiif.onb.ac.at/images/ABO/Z221667307/00000503
504	page504	https://iiif.onb.ac.at/images/ABO/Z221667307/00000504
505	page505	https://iiif.onb.ac.at/images/ABO/Z221667307/00000505
506	page506	https://iiif.onb.ac.at/images/ABO/Z221667307/00000506
507	page507	https://iiif.onb.ac.at/images/ABO/Z221667307/00000507
508	page508	https://iiif.onb.ac.at/images/ABO/Z221667307/00000508
509	page509	https://iiif.onb.ac.at/images/ABO/Z221667307/00000509
510	page510	https://iiif.onb.ac.at/images/ABO/Z221667307/00000510
511	page511	https://iiif.onb.ac.at/images/ABO/Z221667307/00000511
512	page512	https://iiif.onb.ac.at/images/ABO/Z221667307/00000512
513	page513	https://iiif.onb.ac.at/images/ABO/Z221667307/00000513
514	page514	https://iiif.onb.ac.at/images/ABO/Z221667307/00000514
515	page515	https://iiif.onb.ac.at/images/ABO/Z221667307/00000515
516	page516	https://iiif.onb.ac.at/images/ABO/Z221667307/00000516
517	page517	https://iiif.onb.ac.at/images/ABO/Z221667307/00000517
518	page518	https://iiif.onb.ac.at/images/ABO/Z221667307/00000518
519	page519	https://iiif.onb.ac.at/images/ABO/Z221667307/00000519
520	page520	https://iiif.onb.ac.at/images/ABO/Z221667307/00000520
521	page521	https://iiif.onb.ac.at/images/ABO/Z221667307/00000521
522	page522	https://iiif.onb.ac.at/images/ABO/Z221667307/00000522
523	page523	https://iiif.onb.ac.at/images/ABO/Z221667307/00000523
524	page524	https://iiif.onb.ac.at/images/ABO/Z221667307/00000524
525	page525	https://iiif.onb.ac.at/images/ABO/Z221667307/00000525
526	page526	https://iiif.onb.ac.at/images/ABO/Z221667307/00000526
527	page527	https://iiif.onb.ac.at/images/ABO/Z221667307/00000527
528	page528	https://iiif.onb.ac.at/images/ABO/Z221667307/00000528
529	page529	https://iiif.onb.ac.at/images/ABO/Z221667307/00000529
530	page530	https://iiif.onb.ac.at/images/ABO/Z221667307/00000530
531	page531	https://iiif.onb.ac.at/images/ABO/Z221667307/00000531
532	page532	https://iiif.onb.ac.at/images/ABO/Z221667307/00000532
533	page533	https://iiif.onb.ac.at/images/ABO/Z221667307/00000533
534	page534	https://iiif.onb.ac.at/images/ABO/Z221667307/00000534
535	page535	https://iiif.onb.ac.at/images/ABO/Z221667307/00000535
536	page536	https://iiif.onb.ac.at/images/ABO/Z221667307/00000536
537	page537	https://iiif.onb.ac.at/images/ABO/Z221667307/00000537
538	page538	https://iiif.onb.ac.at/images/ABO/Z221667307/00000538
539	page539	https://iiif.onb.ac.at/images/ABO/Z221667307/00000539
540	page540	https://iiif.onb.ac.at/images/ABO/Z221667307/00000540
541	page541	https://iiif.onb.ac.at/images/ABO/Z221667307/00000541
542	page542	https://iiif.onb.ac.at/images/ABO/Z221667307/00000542
543	page543	https://iiif.onb.ac.at/images/ABO/Z221667307/00000543
544	page544	https://iiif.onb.ac.at/images/ABO/Z221667307/00000544
545	page545	https://iiif.onb.ac.at/images/ABO/Z221667307/00000545
546	page546	https://iiif.onb.ac.at/images/ABO/Z221667307/00000546
547	page547	https://iiif.onb.ac.at/images/ABO/Z221667307/00000547
548	page548	https://iiif.onb.ac.at/images/ABO/Z221667307/00000548
549	page549	https://iiif.onb.ac.at/images/ABO/Z221667307/00000549
550	page550	https://iiif.onb.ac.at/images/ABO/Z221667307/00000550
551	page551	https://iiif.onb.ac.at/images/ABO/Z221667307/00000551
552	page552	https://iiif.onb.ac.at/images/ABO/Z221667307/00000552
553	page553	https://iiif.onb.ac.at/images/ABO/Z221667307/00000553
554	page554	https://iiif.onb.ac.at/images/ABO/Z221667307/00000554
555	page555	https://iiif.onb.ac.at/images/ABO/Z221667307/00000555
556	page556	https://iiif.onb.ac.at/images/ABO/Z221667307/00000556
557	page557	https://iiif.onb.ac.at/images/ABO/Z221667307/00000557
558	page558	https://iiif.onb.ac.at/images/ABO/Z221667307/00000558
559	page559	https://iiif.onb.ac.at/images/ABO/Z221667307/00000559
560	page560	https://iiif.onb.ac.at/images/ABO/Z221667307/00000560
561	page561	https://iiif.onb.ac.at/images/ABO/Z221667307/00000561
562	page562	https://iiif.onb.ac.at/images/ABO/Z221667307/00000562
563	page563	https://iiif.onb.ac.at/images/ABO/Z221667307/00000563
564	page564	https://iiif.onb.ac.at/images/ABO/Z221667307/00000564
565	page565	https://iiif.onb.ac.at/images/ABO/Z221667307/00000565
566	page566	https://iiif.onb.ac.at/images/ABO/Z221667307/00000566
567	page567	https://iiif.onb.ac.at/images/ABO/Z221667307/00000567
568	page568	https://iiif.onb.ac.at/images/ABO/Z221667307/00000568
569	page569	https://iiif.onb.ac.at/images/ABO/Z221667307/00000569
570	page570	https://iiif.onb.ac.at/images/ABO/Z221667307/00000570
571	page571	https://iiif.onb.ac.at/images/ABO/Z221667307/00000571
572	page572	https://iiif.onb.ac.at/images/ABO/Z221667307/00000572
573	page573	https://iiif.onb.ac.at/images/ABO/Z221667307/00000573
574	page574	https://iiif.onb.ac.at/images/ABO/Z221667307/00000574
575	page575	https://iiif.onb.ac.at/images/ABO/Z221667307/00000575
576	page576	https://iiif.onb.ac.at/images/ABO/Z221667307/00000576
577	page577	https://iiif.onb.ac.at/images/ABO/Z221667307/00000577
578	page578	https://iiif.onb.ac.at/images/ABO/Z221667307/00000578
579	page579	https://iiif.onb.ac.at/images/ABO/Z221667307/00000579
580	page580	https://iiif.onb.ac.at/images/ABO/Z221667307/00000580
581	page581	https://iiif.onb.ac.at/images/ABO/Z221667307/00000581
582	page582	https://iiif.onb.ac.at/images/ABO/Z221667307/00000582
583	page583	https://iiif.onb.ac.at/images/ABO/Z221667307/00000583
584	page584	https://iiif.onb.ac.at/images/ABO/Z221667307/00000584
585	page585	https://iiif.onb.ac.at/images/ABO/Z221667307/00000585
586	page586	https://iiif.onb.ac.at/images/ABO/Z221667307/00000586
587	page587	https://iiif.onb.ac.at/images/ABO/Z221667307/00000587
588	page588	https://iiif.onb.ac.at/images/ABO/Z221667307/00000588
589	page589	https://iiif.onb.ac.at/images/ABO/Z221667307/00000589
590	page590	https://iiif.onb.ac.at/images/ABO/Z221667307/00000590
591	page591	https://iiif.onb.ac.at/images/ABO/Z221667307/00000591
592	page592	https://iiif.onb.ac.at/images/ABO/Z221667307/00000592
593	page593	https://iiif.onb.ac.at/images/ABO/Z221667307/00000593
594	page594	https://iiif.onb.ac.at/images/ABO/Z221667307/00000594
595	page595	https://iiif.onb.ac.at/images/ABO/Z221667307/00000595
596	page596	https://iiif.onb.ac.at/images/ABO/Z221667307/00000596
597	page597	https://iiif.onb.ac.at/images/ABO/Z221667307/00000597
598	page598	https://iiif.onb.ac.at/images/ABO/Z221667307/00000598
599	page599	https://iiif.onb.ac.at/images/ABO/Z221667307/00000599
600	page600	https://iiif.onb.ac.at/images/ABO/Z221667307/00000600
601	page601	https://iiif.onb.ac.at/images/ABO/Z221667307/00000601
602	page602	https://iiif.onb.ac.at/images/ABO/Z221667307/00000602
603	page603	https://iiif.onb.ac.at/images/ABO/Z221667307/00000603
604	page604	https://iiif.onb.ac.at/images/ABO/Z221667307/00000604
605	page605	https://iiif.onb.ac.at/images/ABO/Z221667307/00000605
606	page606	https://iiif.onb.ac.at/images/ABO/Z221667307/00000606
607	page607	https://iiif.onb.ac.at/images/ABO/Z221667307/00000607
608	page608	https://iiif.onb.ac.at/images/ABO/Z221667307/00000608
609	page609	https://iiif.onb.ac.at/images/ABO/Z221667307/00000609
610	page610	https://iiif.onb.ac.at/images/ABO/Z221667307/00000610
611	page611	https://iiif.onb.ac.at/images/ABO/Z221667307/00000611
612	page612	https://iiif.onb.ac.at/images/ABO/Z221667307/00000612
613	page613	https://iiif.onb.ac.at/images/ABO/Z221667307/00000613
614	page614	https://iiif.onb.ac.at/images/ABO/Z221667307/00000614
615	page615	https://iiif.onb.ac.at/images/ABO/Z221667307/00000615
616	page616	https://iiif.onb.ac.at/images/ABO/Z221667307/00000616
617	page617	https://iiif.onb.ac.at/images/ABO/Z221667307/00000617
618	page618	https://iiif.onb.ac.at/images/ABO/Z221667307/00000618
619	page619	https://iiif.onb.ac.at/images/ABO/Z221667307/00000619
620	page620	https://iiif.onb.ac.at/images/ABO/Z221667307/00000620
621	page621	https://iiif.onb.ac.at/images/ABO/Z221667307/00000621
622	page622	https://iiif.onb.ac.at/images/ABO/Z221667307/00000622
623	page623	https://iiif.onb.ac.at/images/ABO/Z221667307/00000623
624	page624	https://iiif.onb.ac.at/images/ABO/Z221667307/00000624
625	page625	https://iiif.onb.ac.at/images/ABO/Z221667307/00000625
626	page626	https://iiif.onb.ac.at/images/ABO/Z221667307/00000626
627	page627	https://iiif.onb.ac.at/images/ABO/Z221667307/00000627
628	page628	https://iiif.onb.ac.at/images/ABO/Z221667307/00000628
629	page629	https://iiif.onb.ac.at/images/ABO/Z221667307/00000629
630	page630	https://iiif.onb.ac.at/images/ABO/Z221667307/00000630
631	page631	https://iiif.onb.ac.at/images/ABO/Z221667307/00000631
632	page632	https://iiif.onb.ac.at/images/ABO/Z221667307/00000632
633	page633	https://iiif.onb.ac.at/images/ABO/Z221667307/00000633
634	page634	https://iiif.onb.ac.at/images/ABO/Z221667307/00000634
635	page635	https://iiif.onb.ac.at/images/ABO/Z221667307/00000635
636	page636	https://iiif.onb.ac.at/images/ABO/Z221667307/00000636
637	page637	https://iiif.onb.ac.at/images/ABO/Z221667307/00000637
638	page638	https://iiif.onb.ac.at/images/ABO/Z221667307/00000638
639	page639	https://iiif.onb.ac.at/images/ABO/Z221667307/00000639
640	page640	https://iiif.onb.ac.at/images/ABO/Z221667307/00000640
641	page641	https://iiif.onb.ac.at/images/ABO/Z221667307/00000641
642	page642	https://iiif.onb.ac.at/images/ABO/Z221667307/00000642
643	page643	https://iiif.onb.ac.at/images/ABO/Z221667307/00000643
644	page644	https://iiif.onb.ac.at/images/ABO/Z221667307/00000644
645	page645	https://iiif.onb.ac.at/images/ABO/Z221667307/00000645
646	page646	https://iiif.onb.ac.at/images/ABO/Z221667307/00000646
647	page647	https://iiif.onb.ac.at/images/ABO/Z221667307/00000647
648	page648	https://iiif.onb.ac.at/images/ABO/Z221667307/00000648
649	page649	https://iiif.onb.ac.at/images/ABO/Z221667307/00000649
650	page650	https://iiif.onb.ac.at/images/ABO/Z221667307/00000650
651	page651	https://iiif.onb.ac.at/images/ABO/Z221667307/00000651
652	page652	https://iiif.onb.ac.at/images/ABO/Z221667307/00000652
653	page653	https://iiif.onb.ac.at/images/ABO/Z221667307/00000653
654	page654	https://iiif.onb.ac.at/images/ABO/Z221667307/00000654
655	page655	https://iiif.onb.ac.at/images/ABO/Z221667307/00000655
656	page656	https://iiif.onb.ac.at/images/ABO/Z221667307/00000656
657	page657	https://iiif.onb.ac.at/images/ABO/Z221667307/00000657
658	page658	https://iiif.onb.ac.at/images/ABO/Z221667307/00000658
659	page659	https://iiif.onb.ac.at/images/ABO/Z221667307/00000659
660	page660	https://iiif.onb.ac.at/images/ABO/Z221667307/00000660
661	page661	https://iiif.onb.ac.at/images/ABO/Z221667307/00000661
662	page662	https://iiif.onb.ac.at/images/ABO/Z221667307/00000662
663	page663	https://iiif.onb.ac.at/images/ABO/Z221667307/00000663
664	page664	https://iiif.onb.ac.at/images/ABO/Z221667307/00000664
665	page665	https://iiif.onb.ac.at/images/ABO/Z221667307/00000665
666	page666	https://iiif.onb.ac.at/images/ABO/Z221667307/00000666
667	page667	https://iiif.onb.ac.at/images/ABO/Z221667307/00000667
668	page668	https://iiif.onb.ac.at/images/ABO/Z221667307/00000668
669	page669	https://iiif.onb.ac.at/images/ABO/Z221667307/00000669
670	page670	https://iiif.onb.ac.at/images/ABO/Z221667307/00000670
671	page671	https://iiif.onb.ac.at/images/ABO/Z221667307/00000671
672	page672	https://iiif.onb.ac.at/images/ABO/Z221667307/00000672
673	page673	https://iiif.onb.ac.at/images/ABO/Z221667307/00000673
674	page674	https://iiif.onb.ac.at/images/ABO/Z221667307/00000674
675	page675	https://iiif.onb.ac.at/images/ABO/Z221667307/00000675
676	page676	https://iiif.onb.ac.at/images/ABO/Z221667307/00000676
677	page677	https://iiif.onb.ac.at/images/ABO/Z221667307/00000677
678	page678	https://iiif.onb.ac.at/images/ABO/Z221667307/00000678
679	page679	https://iiif.onb.ac.at/images/ABO/Z221667307/00000679
680	page680	https://iiif.onb.ac.at/images/ABO/Z221667307/00000680
681	page681	https://iiif.onb.ac.at/images/ABO/Z221667307/00000681
682	page682	https://iiif.onb.ac.at/images/ABO/Z221667307/00000682
683	page683	https://iiif.onb.ac.at/images/ABO/Z221667307/00000683
684	page684	https://iiif.onb.ac.at/images/ABO/Z221667307/00000684
685	page685	https://iiif.onb.ac.at/images/ABO/Z221667307/00000685
686	page686	https://iiif.onb.ac.at/images/ABO/Z221667307/00000686
687	page687	https://iiif.onb.ac.at/images/ABO/Z221667307/00000687
688	page688	https://iiif.onb.ac.at/images/ABO/Z221667307/00000688
689	page689	https://iiif.onb.ac.at/images/ABO/Z221667307/00000689
690	page690	https://iiif.onb.ac.at/images/ABO/Z221667307/00000690
691	page691	https://iiif.onb.ac.at/images/ABO/Z221667307/00000691
692	page692	https://iiif.onb.ac.at/images/ABO/Z221667307/00000692
693	page693	https://iiif.onb.ac.at/images/ABO/Z221667307/00000693
694	page694	https://iiif.onb.ac.at/images/ABO/Z221667307/00000694
695	page695	https://iiif.onb.ac.at/images/ABO/Z221667307/00000695
696	page696	https://iiif.onb.ac.at/images/ABO/Z221667307/00000696
697	page697	https://iiif.onb.ac.at/images/ABO/Z221667307/00000697
698	page698	https://iiif.onb.ac.at/images/ABO/Z221667307/00000698
699	page699	https://iiif.onb.ac.at/images/ABO/Z221667307/00000699
700	page700	https://iiif.onb.ac.at/images/ABO/Z221667307/00000700
701	page701	https://iiif.onb.ac.at/images/ABO/Z221667307/00000701
702	page702	https://iiif.onb.ac.at/images/ABO/Z221667307/00000702
703	page703	https://iiif.onb.ac.at/images/ABO/Z221667307/00000703
704	page704	https://iiif.onb.ac.at/images/ABO/Z221667307/00000704
705	page705	https://iiif.onb.ac.at/images/ABO/Z221667307/00000705
706	page706	https://iiif.onb.ac.at/images/ABO/Z221667307/00000706
707	page707	https://iiif.onb.ac.at/images/ABO/Z221667307/00000707
708	page708	https://iiif.onb.ac.at/images/ABO/Z221667307/00000708
709	page709	https://iiif.onb.ac.at/images/ABO/Z221667307/00000709
710	page710	https://iiif.onb.ac.at/images/ABO/Z221667307/00000710
711	page711	https://iiif.onb.ac.at/images/ABO/Z221667307/00000711
712	page712	https://iiif.onb.ac.at/images/ABO/Z221667307/00000712
713	page713	https://iiif.onb.ac.at/images/ABO/Z221667307/00000713
714	page714	https://iiif.onb.ac.at/images/ABO/Z221667307/00000714
715	page715	https://iiif.onb.ac.at/images/ABO/Z221667307/00000715
716	page716	https://iiif.onb.ac.at/images/ABO/Z221667307/00000716
717	page717	https://iiif.onb.ac.at/images/ABO/Z221667307/00000717
718	page718	https://iiif.onb.ac.at/images/ABO/Z221667307/00000718
719	page719	https://iiif.onb.ac.at/images/ABO/Z221667307/00000719
720	page720	https://iiif.onb.ac.at/images/ABO/Z221667307/00000720
721	page721	https://iiif.onb.ac.at/images/ABO/Z221667307/00000721
722	page722	https://iiif.onb.ac.at/images/ABO/Z221667307/00000722
723	page723	https://iiif.onb.ac.at/images/ABO/Z221667307/00000723
724	page724	https://iiif.onb.ac.at/images/ABO/Z221667307/00000724
725	page725	https://iiif.onb.ac.at/images/ABO/Z221667307/00000725
726	page726	https://iiif.onb.ac.at/images/ABO/Z221667307/00000726
727	page727	https://iiif.onb.ac.at/images/ABO/Z221667307/00000727
728	page728	https://iiif.onb.ac.at/images/ABO/Z221667307/00000728
729	page729	https://iiif.onb.ac.at/images/ABO/Z221667307/00000729
730	page730	https://iiif.onb.ac.at/images/ABO/Z221667307/00000730
731	page731	https://iiif.onb.ac.at/images/ABO/Z221667307/00000731
732	page732	https://iiif.onb.ac.at/images/ABO/Z221667307/00000732
733	page733	https://iiif.onb.ac.at/images/ABO/Z221667307/00000733
734	page734	https://iiif.onb.ac.at/images/ABO/Z221667307/00000734
735	page735	https://iiif.onb.ac.at/images/ABO/Z221667307/00000735
736	page736	https://iiif.onb.ac.at/images/ABO/Z221667307/00000736
737	page737	https://iiif.onb.ac.at/images/ABO/Z221667307/00000737
738	page738	https://iiif.onb.ac.at/images/ABO/Z221667307/00000738
739	page739	https://iiif.onb.ac.at/images/ABO/Z221667307/00000739
740	page740	https://iiif.onb.ac.at/images/ABO/Z221667307/00000740
741	page741	https://iiif.onb.ac.at/images/ABO/Z221667307/00000741
742	page742	https://iiif.onb.ac.at/images/ABO/Z221667307/00000742
743	page743	https://iiif.onb.ac.at/images/ABO/Z221667307/00000743
744	page744	https://iiif.onb.ac.at/images/ABO/Z221667307/00000744
745	page745	https://iiif.onb.ac.at/images/ABO/Z221667307/00000745
746	page746	https://iiif.onb.ac.at/images/ABO/Z221667307/00000746
747	page747	https://iiif.onb.ac.at/images/ABO/Z221667307/00000747
748	page748	https://iiif.onb.ac.at/images/ABO/Z221667307/00000748
749	page749	https://iiif.onb.ac.at/images/ABO/Z221667307/00000749
750	page750	https://iiif.onb.ac.at/images/ABO/Z221667307/00000750
751	page751	https://iiif.onb.ac.at/images/ABO/Z221667307/00000751
752	page752	https://iiif.onb.ac.at/images/ABO/Z221667307/00000752
753	page753	https://iiif.onb.ac.at/images/ABO/Z221667307/00000753
754	page754	https://iiif.onb.ac.at/images/ABO/Z221667307/00000754
755	page755	https://iiif.onb.ac.at/images/ABO/Z221667307/00000755
756	page756	https://iiif.onb.ac.at/images/ABO/Z221667307/00000756
757	page757	https://iiif.onb.ac.at/images/ABO/Z221667307/00000757
758	page758	https://iiif.onb.ac.at/images/ABO/Z221667307/00000758
759	page759	https://iiif.onb.ac.at/images/ABO/Z221667307/00000759
760	page760	https://iiif.onb.ac.at/images/ABO/Z221667307/00000760
761	page761	https://iiif.onb.ac.at/images/ABO/Z221667307/00000761
762	page762	https://iiif.onb.ac.at/images/ABO/Z221667307/00000762
763	page763	https://iiif.onb.ac.at/images/ABO/Z221667307/00000763
764	page764	https://iiif.onb.ac.at/images/ABO/Z221667307/00000764
765	page765	https://iiif.onb.ac.at/images/ABO/Z221667307/00000765
766	page766	https://iiif.onb.ac.at/images/ABO/Z221667307/00000766
767	page767	https://iiif.onb.ac.at/images/ABO/Z221667307/00000767
768	page768	https://iiif.onb.ac.at/images/ABO/Z221667307/00000768
769	page769	https://iiif.onb.ac.at/images/ABO/Z221667307/00000769
770	page770	https://iiif.onb.ac.at/images/ABO/Z221667307/00000770
771	page771	https://iiif.onb.ac.at/images/ABO/Z221667307/00000771
772	page772	https://iiif.onb.ac.at/images/ABO/Z221667307/00000772
773	page773	https://iiif.onb.ac.at/images/ABO/Z221667307/00000773
774	page774	https://iiif.onb.ac.at/images/ABO/Z221667307/00000774
775	page775	https://iiif.onb.ac.at/images/ABO/Z221667307/00000775
776	page776	https://iiif.onb.ac.at/images/ABO/Z221667307/00000776
777	page777	https://iiif.onb.ac.at/images/ABO/Z221667307/00000777
778	page778	https://iiif.onb.ac.at/images/ABO/Z221667307/00000778
779	page779	https://iiif.onb.ac.at/images/ABO/Z221667307/00000779
780	page780	https://iiif.onb.ac.at/images/ABO/Z221667307/00000780
781	page781	https://iiif.onb.ac.at/images/ABO/Z221667307/00000781
782	page782	https://iiif.onb.ac.at/images/ABO/Z221667307/00000782
783	page783	https://iiif.onb.ac.at/images/ABO/Z221667307/00000783
784	page784	https://iiif.onb.ac.at/images/ABO/Z221667307/00000784
785	page785	https://iiif.onb.ac.at/images/ABO/Z221667307/00000785
786	page786	https://iiif.onb.ac.at/images/ABO/Z221667307/00000786
787	page787	https://iiif.onb.ac.at/images/ABO/Z221667307/00000787
788	page788	https://iiif.onb.ac.at/images/ABO/Z221667307/00000788
789	page789	https://iiif.onb.ac.at/images/ABO/Z221667307/00000789
790	page790	https://iiif.onb.ac.at/images/ABO/Z221667307/00000790
791	page791	https://iiif.onb.ac.at/images/ABO/Z221667307/00000791
792	page792	https://iiif.onb.ac.at/images/ABO/Z221667307/00000792
793	page793	https://iiif.onb.ac.at/images/ABO/Z221667307/00000793
794	page794	https://iiif.onb.ac.at/images/ABO/Z221667307/00000794
795	page795	https://iiif.onb.ac.at/images/ABO/Z221667307/00000795
796	page796	https://iiif.onb.ac.at/images/ABO/Z221667307/00000796
797	page797	https://iiif.onb.ac.at/images/ABO/Z221667307/00000797
798	page798	https://iiif.onb.ac.at/images/ABO/Z221667307/00000798
799	page799	https://iiif.onb.ac.at/images/ABO/Z221667307/00000799
800	page800	https://iiif.onb.ac.at/images/ABO/Z221667307/00000800
801	page801	https://iiif.onb.ac.at/images/ABO/Z221667307/00000801
802	page802	https://iiif.onb.ac.at/images/ABO/Z221667307/00000802
803	page803	https://iiif.onb.ac.at/images/ABO/Z221667307/00000803
804	page804	https://iiif.onb.ac.at/images/ABO/Z221667307/00000804
805	page805	https://iiif.onb.ac.at/images/ABO/Z221667307/00000805
806	page806	https://iiif.onb.ac.at/images/ABO/Z221667307/00000806
807	page807	https://iiif.onb.ac.at/images/ABO/Z221667307/00000807
808	page808	https://iiif.onb.ac.at/images/ABO/Z221667307/00000808
809	page809	https://iiif.onb.ac.at/images/ABO/Z221667307/00000809
810	page810	https://iiif.onb.ac.at/images/ABO/Z221667307/00000810
811	page811	https://iiif.onb.ac.at/images/ABO/Z221667307/00000811
812	page812	https://iiif.onb.ac.at/images/ABO/Z221667307/00000812
813	page813	https://iiif.onb.ac.at/images/ABO/Z221667307/00000813
814	page814	https://iiif.onb.ac.at/images/ABO/Z221667307/00000814
815	page815	https://iiif.onb.ac.at/images/ABO/Z221667307/00000815
816	page816	https://iiif.onb.ac.at/images/ABO/Z221667307/00000816
817	page817	https://iiif.onb.ac.at/images/ABO/Z221667307/00000817
818	page818	https://iiif.onb.ac.at/images/ABO/Z221667307/00000818
819	page819	https://iiif.onb.ac.at/images/ABO/Z221667307/00000819
820	page820	https://iiif.onb.ac.at/images/ABO/Z221667307/00000820
821	page821	https://iiif.onb.ac.at/images/ABO/Z221667307/00000821
822	page822	https://iiif.onb.ac.at/images/ABO/Z221667307/00000822
823	page823	https://iiif.onb.ac.at/images/ABO/Z221667307/00000823
824	page824	https://iiif.onb.ac.at/images/ABO/Z221667307/00000824
825	page825	https://iiif.onb.ac.at/images/ABO/Z221667307/00000825
826	page826	https://iiif.onb.ac.at/images/ABO/Z221667307/00000826
827	page827	https://iiif.onb.ac.at/images/ABO/Z221667307/00000827
828	page828	https://iiif.onb.ac.at/images/ABO/Z221667307/00000828
829	page829	https://iiif.onb.ac.at/images/ABO/Z221667307/00000829
830	page830	https://iiif.onb.ac.at/images/ABO/Z221667307/00000830
831	page831	https://iiif.onb.ac.at/images/ABO/Z221667307/00000831
832	page832	https://iiif.onb.ac.at/images/ABO/Z221667307/00000832
833	page833	https://iiif.onb.ac.at/images/ABO/Z221667307/00000833
834	page834	https://iiif.onb.ac.at/images/ABO/Z221667307/00000834
835	page835	https://iiif.onb.ac.at/images/ABO/Z221667307/00000835
836	page836	https://iiif.onb.ac.at/images/ABO/Z221667307/00000836
837	page837	https://iiif.onb.ac.at/images/ABO/Z221667307/00000837
838	page838	https://iiif.onb.ac.at/images/ABO/Z221667307/00000838
839	page839	https://iiif.onb.ac.at/images/ABO/Z221667307/00000839
840	page840	https://iiif.onb.ac.at/images/ABO/Z221667307/00000840
841	page841	https://iiif.onb.ac.at/images/ABO/Z221667307/00000841
842	page842	https://iiif.onb.ac.at/images/ABO/Z221667307/00000842
843	page843	https://iiif.onb.ac.at/images/ABO/Z221667307/00000843
844	page844	https://iiif.onb.ac.at/images/ABO/Z221667307/00000844
845	page845	https://iiif.onb.ac.at/images/ABO/Z221667307/00000845
846	page846	https://iiif.onb.ac.at/images/ABO/Z221667307/00000846
847	page847	https://iiif.onb.ac.at/images/ABO/Z221667307/00000847
848	page848	https://iiif.onb.ac.at/images/ABO/Z221667307/00000848
849	page849	https://iiif.onb.ac.at/images/ABO/Z221667307/00000849
850	page850	https://iiif.onb.ac.at/images/ABO/Z221667307/00000850
851	page851	https://iiif.onb.ac.at/images/ABO/Z221667307/00000851
852	page852	https://iiif.onb.ac.at/images/ABO/Z221667307/00000852
853	page853	https://iiif.onb.ac.at/images/ABO/Z221667307/00000853
854	page854	https://iiif.onb.ac.at/images/ABO/Z221667307/00000854
855	page855	https://iiif.onb.ac.at/images/ABO/Z221667307/00000855
856	page856	https://iiif.onb.ac.at/images/ABO/Z221667307/00000856
857	page857	https://iiif.onb.ac.at/images/ABO/Z221667307/00000857
858	page858	https://iiif.onb.ac.at/images/ABO/Z221667307/00000858
859	page859	https://iiif.onb.ac.at/images/ABO/Z221667307/00000859
860	page860	https://iiif.onb.ac.at/images/ABO/Z221667307/00000860
861	page861	https://iiif.onb.ac.at/images/ABO/Z221667307/00000861
862	page862	https://iiif.onb.ac.at/images/ABO/Z221667307/00000862
863	page863	https://iiif.onb.ac.at/images/ABO/Z221667307/00000863
864	page864	https://iiif.onb.ac.at/images/ABO/Z221667307/00000864
865	page865	https://iiif.onb.ac.at/images/ABO/Z221667307/00000865
866	page866	https://iiif.onb.ac.at/images/ABO/Z221667307/00000866
867	page867	https://iiif.onb.ac.at/images/ABO/Z221667307/00000867
868	page868	https://iiif.onb.ac.at/images/ABO/Z221667307/00000868
869	page869	https://iiif.onb.ac.at/images/ABO/Z221667307/00000869
870	page870	https://iiif.onb.ac.at/images/ABO/Z221667307/00000870
871	page871	https://iiif.onb.ac.at/images/ABO/Z221667307/00000871
872	page872	https://iiif.onb.ac.at/images/ABO/Z221667307/00000872
873	page873	https://iiif.onb.ac.at/images/ABO/Z221667307/00000873
874	page874	https://iiif.onb.ac.at/images/ABO/Z221667307/00000874
875	page875	https://iiif.onb.ac.at/images/ABO/Z221667307/00000875
876	page876	https://iiif.onb.ac.at/images/ABO/Z221667307/00000876
877	page877	https://iiif.onb.ac.at/images/ABO/Z221667307/00000877
878	page878	https://iiif.onb.ac.at/images/ABO/Z221667307/00000878
